"subject","block","trial","condition","correct_response","participant_response","rt","ip_address","latitude","longitude","browser_version","operating_system","screen_resolution","device_type","user_agent","session_id","click_rate","error_count"
"subj016",1,1,"ink_naming_cong","green","green",903,"197.52.183.171",-53.0115424515679,78.4111080039293,"Chrome","Windows","435x579","Desktop","Agent8144",8663,0,0
"subj016",1,2,"word_reading_cong","blue","blue",642,"211.123.136.126",48.9100488228723,89.75750265643,"Chrome","Windows","719x274","Desktop","Agent5910",8694,0,0
"subj016",1,3,"ink_naming_incong","red","red",1165,"222.127.85.85",21.0343607375398,117.054377328604,"Chrome","Windows","776x224","Desktop","Agent1524",1223,0,0
"subj016",1,4,"word_reading_cong","yellow","yellow",748,"222.234.65.94",-18.029625643976,-167.307103313506,"Chrome","Windows","560x154","Desktop","Agent5850",6224,0,0
"subj016",1,5,"word_reading_cong","green","green",745,"199.254.151.1",-58.1649250304326,135.46680402942,"Chrome","Windows","464x519","Desktop","Agent4167",4605,0,0
"subj016",1,6,"word_reading_cong","blue","blue",681,"221.116.131.70",63.5966809233651,-104.061440862715,"Chrome","Windows","696x441","Desktop","Agent1276",4234,0,0
"subj016",1,7,"word_reading_incong","green","green",772,"212.31.100.105",31.5103347273543,55.311032216996,"Chrome","Windows","522x10","Desktop","Agent7241",8344,0,0
"subj016",1,8,"ink_naming_cong","green","green",1040,"219.112.145.170",49.0772851835936,100.773085383698,"Chrome","Windows","907x735","Desktop","Agent3974",131,0,0
"subj016",1,9,"word_reading_cong","yellow","yellow",878,"203.106.154.96",64.5967641379684,162.073362506926,"Chrome","Windows","232x220","Desktop","Agent1495",8314,0,0
"subj016",1,10,"word_reading_cong","red","red",728,"200.140.27.129",24.726688452065,165.91163973324,"Chrome","Windows","542x300","Desktop","Agent6001",498,0,0
"subj016",1,11,"ink_naming_cong","green","green",1077,"216.221.5.220",-45.9854987030849,-63.2784398831427,"Chrome","Windows","1022x750","Desktop","Agent8107",6940,0,0
"subj016",1,12,"ink_naming_incong","yellow","yellow",942,"193.141.141.58",49.5491256052628,82.4743903800845,"Chrome","Windows","338x69","Desktop","Agent9110",979,0,0
"subj016",1,13,"word_reading_cong","red","red",664,"201.2.42.158",84.3947441177443,-92.4208760261536,"Chrome","Windows","159x78","Desktop","Agent1740",293,0,0
"subj016",1,14,"ink_naming_incong","yellow","yellow",1104,"215.211.131.228",-42.8542044572532,57.7282071299851,"Chrome","Windows","574x253","Desktop","Agent5169",1086,0,0
"subj016",1,15,"word_reading_incong","red","red",740,"215.216.218.194",5.50860612653196,159.574751118198,"Chrome","Windows","520x740","Desktop","Agent8328",7246,0,0
"subj016",1,16,"ink_naming_incong","yellow","yellow",1212,"221.252.201.200",19.403126584366,84.5922372210771,"Chrome","Windows","642x731","Desktop","Agent1606",8668,0,0
"subj016",1,17,"ink_naming_incong","blue","blue",1124,"203.159.129.202",-16.6318874666467,69.5351402554661,"Chrome","Windows","887x170","Desktop","Agent8019",6510,0,0
"subj016",1,18,"word_reading_cong","blue","blue",794,"204.208.95.107",87.4550648918375,-43.6689716298133,"Chrome","Windows","378x458","Desktop","Agent2077",2881,0,0
"subj016",1,19,"word_reading_incong","yellow","yellow",745,"210.174.22.3",-2.86100557073951,165.387677242979,"Chrome","Windows","696x681","Desktop","Agent3718",3583,0,0
"subj016",1,20,"word_reading_cong","green","green",627,"207.189.162.16",-10.2104565873742,-53.1278668809682,"Chrome","Windows","655x663","Desktop","Agent2454",5977,0,0
"subj016",1,21,"word_reading_cong","red","red",737,"222.81.210.212",49.2195083526894,-6.42340703867376,"Chrome","Windows","540x214","Desktop","Agent9120",1450,0,0
"subj016",1,22,"word_reading_incong","blue","blue",764,"198.209.37.235",-42.6965572033077,-173.835248351097,"Chrome","Windows","378x276","Desktop","Agent7446",648,0,0
"subj016",1,23,"ink_naming_incong","blue","blue",1049,"218.20.104.228",86.6367669263855,-48.1795421987772,"Chrome","Windows","244x554","Desktop","Agent3357",1154,0,0
"subj016",1,24,"word_reading_incong","blue","blue",687,"200.107.63.225",-57.9140160279348,-13.672478813678,"Chrome","Windows","280x160","Desktop","Agent6249",1541,0,0
"subj016",1,25,"ink_naming_incong","blue","blue",1113,"199.99.228.104",89.9242808623239,108.280579196289,"Chrome","Windows","3x262","Desktop","Agent8389",4819,0,0
"subj016",1,26,"word_reading_incong","red","red",640,"203.21.108.150",-13.1741289887577,125.526086306199,"Chrome","Windows","829x589","Desktop","Agent2873",5334,0,0
"subj016",1,27,"word_reading_cong","red","red",728,"209.253.133.3",-35.0701028108597,-88.2651363126934,"Chrome","Windows","120x580","Desktop","Agent9784",123,0,0
"subj016",1,28,"ink_naming_incong","blue","blue",1183,"206.100.69.149",41.0535260243341,41.7821995262057,"Chrome","Windows","264x651","Desktop","Agent2356",1979,0,0
"subj016",1,29,"ink_naming_incong","yellow","yellow",1203,"212.37.65.159",-47.6457885559648,-179.375802017748,"Chrome","Windows","35x549","Desktop","Agent2401",3334,0,0
"subj016",1,30,"ink_naming_cong","blue","blue",922,"211.205.102.199",-26.3136784778908,-135.810640426353,"Chrome","Windows","293x720","Desktop","Agent2615",7647,0,0
"subj016",1,31,"ink_naming_cong","yellow","yellow",997,"195.177.220.198",-76.3488247152418,59.1261783242226,"Chrome","Windows","809x310","Desktop","Agent2718",3744,0,0
"subj016",1,32,"ink_naming_incong","blue","blue",976,"197.220.1.223",47.1293989475816,20.3661649301648,"Chrome","Windows","30x62","Desktop","Agent5554",4763,0,0
"subj016",1,33,"ink_naming_incong","red","red",1215,"195.201.69.232",9.61195270065218,-99.2986828833818,"Chrome","Windows","995x162","Desktop","Agent2019",8662,0,0
"subj016",1,34,"ink_naming_incong","blue","blue",1056,"200.239.42.120",-23.504284308292,-32.0538807380944,"Chrome","Windows","362x40","Desktop","Agent6292",6373,0,0
"subj016",1,35,"ink_naming_cong","green","green",1063,"210.66.125.51",-0.847404752857983,-74.13344303146,"Chrome","Windows","105x336","Desktop","Agent1071",7913,0,0
"subj016",1,36,"ink_naming_cong","red","red",1022,"215.108.241.186",-73.9899689890444,157.674993854016,"Chrome","Windows","285x289","Desktop","Agent2025",8962,0,0
"subj016",1,37,"ink_naming_incong","red","red",1135,"217.121.211.64",39.0178909432143,136.422064388171,"Chrome","Windows","566x268","Desktop","Agent6966",6500,0,0
"subj016",1,38,"ink_naming_incong","red","red",872,"213.186.174.131",9.49192502070218,-32.9895333945751,"Chrome","Windows","156x149","Desktop","Agent8921",2898,0,0
"subj016",1,39,"word_reading_cong","green","green",775,"199.5.45.186",54.6325349668041,-146.219086619094,"Chrome","Windows","41x754","Desktop","Agent5146",3651,0,0
"subj016",1,40,"word_reading_incong","yellow","yellow",745,"211.103.191.100",-22.7158858487383,-125.939180608839,"Chrome","Windows","837x341","Desktop","Agent7491",4146,0,0
"subj016",1,41,"word_reading_incong","blue","blue",687,"199.243.16.225",66.6995991161093,-175.333684701473,"Chrome","Windows","840x763","Desktop","Agent5131",9846,0,0
"subj016",1,42,"word_reading_cong","green","green",265,"200.175.161.50",80.4446142073721,-131.531337294728,"Chrome","Windows","112x115","Desktop","Agent6802",1584,0,0
"subj016",1,43,"ink_naming_cong","green","green",1052,"201.124.24.177",-4.75101560354233,64.2876064404845,"Chrome","Windows","101x159","Desktop","Agent2208",7062,0,0
"subj016",1,44,"word_reading_incong","blue","blue",533,"205.55.110.155",-54.468354312703,-165.798961641267,"Chrome","Windows","614x204","Desktop","Agent6444",8112,0,0
"subj016",1,45,"ink_naming_cong","red","red",938,"195.223.73.159",-5.24607942905277,14.8141563870013,"Chrome","Windows","387x762","Desktop","Agent4800",2931,0,0
"subj016",1,46,"ink_naming_incong","red","red",1236,"223.237.145.10",-12.8993797581643,-61.4649082627147,"Chrome","Windows","335x624","Desktop","Agent1284",2980,0,0
"subj016",1,47,"ink_naming_incong","yellow","yellow",1165,"222.76.243.17",40.2563706971705,-16.0495236888528,"Chrome","Windows","142x434","Desktop","Agent1400",4268,0,0
"subj016",1,48,"word_reading_cong","blue","blue",570,"221.34.56.57",40.3756396053359,-27.0935170445591,"Chrome","Windows","231x279","Desktop","Agent5580",8491,0,0
"subj016",1,49,"ink_naming_cong","green","green",1029,"208.236.133.217",31.04932569433,-135.904913786799,"Chrome","Windows","408x392","Desktop","Agent2483",6274,0,0
"subj016",1,50,"word_reading_cong","green","green",762,"197.94.60.207",38.7831438845024,-150.905080698431,"Chrome","Windows","432x487","Desktop","Agent2915",9216,0,0
"subj016",2,1,"ink_naming_cong","blue","blue",1016,"216.74.245.66",7.35712678637356,178.621181705967,"Chrome","Windows","548x148","Desktop","Agent1544",6228,0,0
"subj016",2,2,"ink_naming_cong","green","green",1043,"220.166.122.239",39.7450985340402,73.1142062041909,"Chrome","Windows","981x180","Desktop","Agent5336",4814,0,0
"subj016",2,3,"ink_naming_cong","green","green",1021,"207.204.52.20",84.1681135911494,-30.7353540603071,"Chrome","Windows","230x61","Desktop","Agent9410",4720,0,0
"subj016",2,4,"ink_naming_cong","green","green",923,"204.77.3.153",-50.8012882294133,110.370600214228,"Chrome","Windows","806x330","Desktop","Agent6802",1489,0,0
"subj016",2,5,"word_reading_incong","green","green",771,"219.195.67.230",56.059636711143,-175.591307356954,"Chrome","Windows","468x225","Desktop","Agent2818",9801,0,0
"subj016",2,6,"word_reading_cong","blue","yellow",612,"194.192.245.11",63.2306384760886,51.5236365795135,"Chrome","Windows","740x105","Desktop","Agent5793",7834,0,0
"subj016",2,7,"word_reading_incong","green","green",708,"206.185.24.242",-34.0539023699239,94.6582255046815,"Chrome","Windows","886x178","Desktop","Agent6900",7250,0,0
"subj016",2,8,"word_reading_cong","blue","blue",817,"223.157.132.133",-58.4401411749423,-29.6413898002356,"Chrome","Windows","625x179","Desktop","Agent9199",4585,0,0
"subj016",2,9,"ink_naming_cong","red","red",818,"198.177.41.12",0.268520093522966,-79.2277953866869,"Chrome","Windows","802x697","Desktop","Agent9580",5033,0,0
"subj016",2,10,"ink_naming_cong","green","green",811,"201.77.93.198",-76.733911014162,90.5061165802181,"Chrome","Windows","864x449","Desktop","Agent9354",6873,0,0
"subj016",2,11,"word_reading_cong","blue","blue",710,"193.128.48.182",-28.3596105175093,-60.2804039418697,"Chrome","Windows","593x722","Desktop","Agent4320",4847,0,0
"subj016",2,12,"ink_naming_incong","red","red",1248,"211.45.18.222",16.8842932255939,-69.3044242635369,"Chrome","Windows","259x525","Desktop","Agent8125",6201,0,0
"subj016",2,13,"ink_naming_incong","red","red",1033,"221.222.107.26",45.2350408863276,-19.6853544842452,"Chrome","Windows","989x182","Desktop","Agent6860",4568,0,0
"subj016",2,14,"word_reading_cong","blue","blue",754,"221.230.137.255",27.6323871687055,34.6470588538796,"Chrome","Windows","1008x619","Desktop","Agent6681",7329,0,0
"subj016",2,15,"word_reading_incong","green","green",830,"209.79.18.235",-65.0984742678702,-33.1950880028307,"Chrome","Windows","231x629","Desktop","Agent1085",7400,0,0
"subj016",2,16,"word_reading_incong","blue","blue",806,"202.198.54.220",-30.9201083891094,149.842171473429,"Chrome","Windows","312x301","Desktop","Agent7574",8957,0,0
"subj016",2,17,"ink_naming_cong","blue","blue",993,"211.18.69.1",63.0029257200658,-118.4929491207,"Chrome","Windows","180x45","Desktop","Agent4132",3069,0,0
"subj016",2,18,"word_reading_incong","yellow","yellow",737,"214.93.218.248",56.2173414230347,166.471956046298,"Chrome","Windows","269x543","Desktop","Agent6292",9181,0,0
"subj016",2,19,"word_reading_cong","green","green",829,"197.251.62.218",-22.3707787133753,97.8741412237287,"Chrome","Windows","800x467","Desktop","Agent4481",665,0,0
"subj016",2,20,"ink_naming_incong","green","green",1164,"209.59.85.116",-18.4562741126865,-159.606885574758,"Chrome","Windows","505x727","Desktop","Agent8659",3042,0,0
"subj016",2,21,"word_reading_incong","green","green",714,"216.116.79.220",59.4752531591803,138.748036399484,"Chrome","Windows","78x162","Desktop","Agent7115",9453,0,0
"subj016",2,22,"ink_naming_incong","yellow","yellow",1129,"205.77.164.219",84.4465918047354,-82.4717986118048,"Chrome","Windows","251x433","Desktop","Agent8189",202,0,0
"subj016",2,23,"ink_naming_incong","blue","blue",1217,"199.170.203.189",56.9373063789681,174.068933464587,"Chrome","Windows","576x732","Desktop","Agent5479",2931,0,0
"subj016",2,24,"word_reading_incong","blue","blue",842,"221.77.5.117",-56.9247569097206,12.6567492261529,"Chrome","Windows","226x403","Desktop","Agent2132",4433,0,0
"subj016",2,25,"ink_naming_cong","blue","blue",1239,"210.244.6.111",73.3866464300081,87.4822927918285,"Chrome","Windows","59x606","Desktop","Agent3327",7241,0,0
"subj016",2,26,"ink_naming_incong","blue","blue",1187,"204.144.89.91",-57.1265234844759,59.3104708939791,"Chrome","Windows","973x281","Desktop","Agent5722",8863,0,0
"subj016",2,27,"ink_naming_incong","red","green",1119,"221.87.127.101",-6.2661113217473,-162.396763572469,"Chrome","Windows","908x625","Desktop","Agent7256",9811,0,0
"subj016",2,28,"word_reading_incong","blue","blue",623,"192.14.228.61",27.4294789787382,-105.919322054833,"Chrome","Windows","515x603","Desktop","Agent1294",4968,0,0
"subj016",2,29,"ink_naming_cong","green","green",947,"196.112.16.107",-29.6993702743202,-132.393618877977,"Chrome","Windows","835x383","Desktop","Agent3633",7087,0,0
"subj016",2,30,"ink_naming_incong","yellow","yellow",1214,"222.15.194.185",51.7122439853847,-76.5787651296705,"Chrome","Windows","725x367","Desktop","Agent6121",5120,0,0
"subj016",2,31,"word_reading_cong","green","green",695,"197.87.172.52",-11.9736524485052,67.4448081851006,"Chrome","Windows","805x758","Desktop","Agent9599",9475,0,0
"subj016",2,32,"word_reading_incong","yellow","blue",789,"213.15.41.215",-16.2536003999412,-90.7761097513139,"Chrome","Windows","738x15","Desktop","Agent8233",383,0,0
"subj016",2,33,"word_reading_cong","blue","blue",724,"208.42.176.114",36.0131349787116,-18.654449461028,"Chrome","Windows","489x355","Desktop","Agent3416",1023,0,0
"subj016",2,34,"word_reading_cong","green","green",724,"211.124.191.208",-17.4632881069556,37.2720435261726,"Chrome","Windows","434x733","Desktop","Agent1072",2271,0,0
"subj016",2,35,"ink_naming_incong","blue","blue",3756,"206.249.13.129",77.806051899679,37.6581061910838,"Chrome","Windows","750x696","Desktop","Agent3483",2957,0,0
"subj016",2,36,"word_reading_incong","red","red",758,"213.230.62.186",-76.1521770106629,73.5507331229746,"Chrome","Windows","16x704","Desktop","Agent9687",8751,0,0
"subj016",2,37,"word_reading_incong","blue","blue",753,"213.143.12.111",-56.0073009040207,172.079110471532,"Chrome","Windows","664x726","Desktop","Agent9849",9185,0,0
"subj016",2,38,"word_reading_cong","red","red",834,"217.207.148.112",64.9340116046369,117.472314946353,"Chrome","Windows","257x443","Desktop","Agent3425",768,0,0
"subj016",2,39,"ink_naming_cong","blue","blue",1058,"220.145.71.209",-71.5502290287986,-101.494613522664,"Chrome","Windows","81x429","Desktop","Agent4846",932,0,0
"subj016",2,40,"word_reading_incong","green","green",664,"193.186.192.60",18.8926569884643,67.4805912841111,"Chrome","Windows","537x338","Desktop","Agent2665",5606,0,0
"subj016",2,41,"ink_naming_incong","green","green",1178,"215.90.234.51",26.5668437629938,135.133543163538,"Chrome","Windows","236x623","Desktop","Agent8472",8512,0,0
"subj016",2,42,"word_reading_cong","red","blue",727,"197.247.163.142",46.0408348543569,-126.75150135532,"Chrome","Windows","1018x260","Desktop","Agent8512",7825,0,0
"subj016",2,43,"word_reading_incong","yellow","yellow",666,"217.43.74.163",-34.6235061250627,117.788649396971,"Chrome","Windows","669x208","Desktop","Agent1613",7938,0,0
"subj016",2,44,"ink_naming_cong","yellow","yellow",895,"205.206.179.215",71.3201309926808,178.321485416964,"Chrome","Windows","1017x424","Desktop","Agent9465",1587,0,0
"subj016",2,45,"word_reading_incong","red","red",686,"221.194.95.3",74.2475490225479,-86.3781190384179,"Chrome","Windows","319x237","Desktop","Agent8279",9300,0,0
"subj016",2,46,"word_reading_cong","blue","blue",505,"192.82.172.34",-50.0679434090853,-116.064103329554,"Chrome","Windows","39x552","Desktop","Agent4664",7140,0,0
"subj016",2,47,"ink_naming_cong","yellow",NA,NA,"222.122.188.163",-79.3322646617889,-145.91350061819,"Chrome","Windows","816x214","Desktop","Agent8190",3131,0,0
"subj016",2,48,"word_reading_cong","red","red",556,"213.9.89.81",62.7398105710745,-48.0406288336962,"Chrome","Windows","401x103","Desktop","Agent6365",6938,0,0
"subj016",2,49,"word_reading_cong","red","red",721,"192.213.26.207",-83.1535100284964,-20.3701042570174,"Chrome","Windows","960x17","Desktop","Agent3102",8862,0,0
"subj016",2,50,"word_reading_cong","blue","blue",932,"209.8.198.32",81.0128510836512,146.672956701368,"Chrome","Windows","291x576","Desktop","Agent9540",9208,0,0
"subj016",3,1,"word_reading_cong","red","yellow",714,"205.57.90.216",-25.9769698837772,-67.0327446889132,"Chrome","Windows","812x367","Desktop","Agent7348",117,0,0
"subj016",3,2,"word_reading_incong","blue","blue",724,"203.10.113.143",48.3268092619255,0.198794435709715,"Chrome","Windows","537x588","Desktop","Agent4996",9703,0,0
"subj016",3,3,"ink_naming_cong","green","green",897,"218.123.43.247",-30.9352848725393,-39.3477899953723,"Chrome","Windows","712x64","Desktop","Agent9837",6988,0,0
"subj016",3,4,"word_reading_incong","blue","blue",663,"212.57.59.72",86.3123089866713,-102.695846948773,"Chrome","Windows","533x479","Desktop","Agent9098",6304,0,0
"subj016",3,5,"ink_naming_incong","green","green",922,"221.201.208.56",-87.5447831070051,140.722479773685,"Chrome","Windows","54x607","Desktop","Agent7135",1117,0,0
"subj016",3,6,"ink_naming_incong","blue","blue",1249,"206.202.114.114",-69.4971769815311,-109.878057288006,"Chrome","Windows","227x740","Desktop","Agent6109",9688,0,0
"subj016",3,7,"word_reading_incong","green","green",653,"197.187.125.96",-51.0300063109025,-75.1335889846087,"Chrome","Windows","344x604","Desktop","Agent8445",5010,0,0
"subj016",3,8,"word_reading_cong","green","green",763,"199.35.107.157",37.3133113235235,-153.294906718656,"Chrome","Windows","390x595","Desktop","Agent8364",7146,0,0
"subj016",3,9,"ink_naming_incong","yellow",NA,NA,"218.102.240.144",61.089151231572,-173.76528326422,"Chrome","Windows","347x461","Desktop","Agent3668",3795,0,0
"subj016",3,10,"ink_naming_incong","green","green",1052,"223.72.143.229",41.8445206107572,-115.912288120016,"Chrome","Windows","997x305","Desktop","Agent2700",6376,0,0
"subj016",3,11,"ink_naming_incong","green","green",1026,"204.242.76.87",55.167184593156,-100.505416598171,"Chrome","Windows","750x732","Desktop","Agent1796",34,0,0
"subj016",3,12,"ink_naming_cong","green","green",947,"202.161.248.169",27.7780157374218,140.242545744404,"Chrome","Windows","688x385","Desktop","Agent4520",7251,0,0
"subj016",3,13,"ink_naming_cong","blue","blue",881,"208.121.202.36",74.7682576579973,-43.9511387608945,"Chrome","Windows","318x547","Desktop","Agent7100",5609,0,0
"subj016",3,14,"ink_naming_incong","red","red",1104,"214.58.180.226",33.8123630359769,-63.6572004854679,"Chrome","Windows","654x20","Desktop","Agent5489",1547,0,0
"subj016",3,15,"word_reading_incong","green","green",773,"201.37.49.117",26.2726810388267,54.6858922764659,"Chrome","Windows","672x527","Desktop","Agent2294",8115,0,0
"subj016",3,16,"ink_naming_incong","green","green",1132,"221.210.214.227",23.971050074324,8.43107334338129,"Chrome","Windows","404x629","Desktop","Agent2274",6470,0,0
"subj016",3,17,"ink_naming_cong","red","red",1060,"193.65.24.219",3.9203698374331,-166.255297763273,"Chrome","Windows","846x379","Desktop","Agent6159",4670,0,0
"subj016",3,18,"ink_naming_cong","red","red",949,"199.66.199.54",53.8652523653582,-32.2959240339696,"Chrome","Windows","759x62","Desktop","Agent2095",8310,0,0
"subj016",3,19,"word_reading_incong","red","red",646,"194.250.172.236",5.78073249198496,98.1248669978231,"Chrome","Windows","870x89","Desktop","Agent7014",4710,0,0
"subj016",3,20,"ink_naming_incong","yellow","yellow",1105,"198.142.116.172",69.7091820091009,44.1761927772313,"Chrome","Windows","55x739","Desktop","Agent1394",4710,0,0
"subj016",3,21,"ink_naming_cong","red","red",1026,"203.90.129.11",37.8852301184088,179.714290006086,"Chrome","Windows","931x616","Desktop","Agent3935",3000,0,0
"subj016",3,22,"word_reading_cong","red","red",576,"197.60.239.33",51.2643908523023,59.2815565131605,"Chrome","Windows","648x423","Desktop","Agent5494",4269,0,0
"subj016",3,23,"ink_naming_cong","blue","blue",1015,"201.20.62.219",-84.5412030816078,55.2398940827698,"Chrome","Windows","966x504","Desktop","Agent6303",8876,0,0
"subj016",3,24,"word_reading_incong","yellow","yellow",682,"218.136.251.225",26.1170442262664,-82.9587848391384,"Chrome","Windows","185x71","Desktop","Agent7580",6177,0,0
"subj016",3,25,"ink_naming_cong","green","green",1068,"218.219.22.217",87.8938050521538,29.7989808116108,"Chrome","Windows","901x78","Desktop","Agent4529",1426,0,0
"subj016",3,26,"word_reading_incong","red","red",584,"215.253.202.157",82.7360386541113,42.2975988965482,"Chrome","Windows","424x681","Desktop","Agent4286",4233,0,0
"subj016",3,27,"ink_naming_cong","red","red",1152,"212.61.238.237",-71.667868620716,-92.0732647553086,"Chrome","Windows","13x453","Desktop","Agent9164",7640,0,0
"subj016",3,28,"ink_naming_cong","yellow","yellow",968,"196.40.4.78",-46.6321336152032,-43.3724095020443,"Chrome","Windows","235x335","Desktop","Agent4345",8823,0,0
"subj016",3,29,"ink_naming_cong","green","yellow",930,"222.35.78.100",68.4172364417464,-58.0768048670143,"Chrome","Windows","92x391","Desktop","Agent5755",5823,0,0
"subj016",3,30,"ink_naming_cong","green","green",1185,"209.1.110.162",10.1251669507474,-62.6503445673734,"Chrome","Windows","792x66","Desktop","Agent3885",3098,0,0
"subj016",3,31,"word_reading_incong","red","red",679,"208.73.23.127",-5.24645305238664,145.977159580216,"Chrome","Windows","523x608","Desktop","Agent2569",2434,0,0
"subj016",3,32,"word_reading_cong","yellow","yellow",879,"209.16.183.36",16.5257450798526,-147.339839525521,"Chrome","Windows","788x651","Desktop","Agent8455",6568,0,0
"subj016",3,33,"word_reading_cong","red","red",782,"219.162.80.16",-15.6985720200464,117.642925567925,"Chrome","Windows","248x656","Desktop","Agent8193",8678,0,0
"subj016",3,34,"word_reading_cong","yellow","blue",731,"197.208.238.207",-72.3159195715562,-19.5986276865005,"Chrome","Windows","228x564","Desktop","Agent7903",370,0,0
"subj016",3,35,"ink_naming_cong","yellow","yellow",1091,"194.218.111.130",41.8584836041555,-1.8283189740032,"Chrome","Windows","875x284","Desktop","Agent2923",8176,0,0
"subj016",3,36,"word_reading_cong","yellow","yellow",561,"215.99.31.104",-23.3624205552042,-177.033109869808,"Chrome","Windows","825x532","Desktop","Agent6989",582,0,0
"subj016",3,37,"word_reading_incong","blue","blue",539,"207.241.255.15",-73.1354074319825,-108.185502095148,"Chrome","Windows","674x148","Desktop","Agent7194",9369,0,0
"subj016",3,38,"word_reading_cong","green","green",749,"200.70.103.132",-49.8427673522383,29.6582867950201,"Chrome","Windows","442x592","Desktop","Agent6103",9444,0,0
"subj016",3,39,"ink_naming_incong","red","red",1073,"192.148.85.160",-13.5964646749198,-115.880300765857,"Chrome","Windows","735x224","Desktop","Agent9600",6496,0,0
"subj016",3,40,"word_reading_incong","yellow","yellow",651,"195.244.92.131",51.7263683304191,158.622126281261,"Chrome","Windows","872x431","Desktop","Agent3291",4798,0,0
"subj016",3,41,"word_reading_cong","yellow","yellow",775,"221.33.154.66",78.4402649151161,42.9639795608819,"Chrome","Windows","54x494","Desktop","Agent1768",9414,0,0
"subj016",3,42,"word_reading_cong","green","green",611,"212.212.38.217",-50.6811991939321,-39.069119039923,"Chrome","Windows","793x127","Desktop","Agent8218",2883,0,0
"subj016",3,43,"ink_naming_cong","yellow","yellow",916,"205.104.94.34",-67.4075021781027,-0.560140125453472,"Chrome","Windows","844x517","Desktop","Agent8702",7067,0,0
"subj016",3,44,"word_reading_incong","blue","blue",616,"194.159.212.94",-11.7520381975919,90.8574475720525,"Chrome","Windows","750x519","Desktop","Agent5470",3401,0,0
"subj016",3,45,"word_reading_incong","red","red",701,"218.139.231.198",55.0940510630608,140.866833999753,"Chrome","Windows","974x413","Desktop","Agent1605",6938,0,0
"subj016",3,46,"word_reading_cong","green","green",711,"222.97.189.185",-6.89859770704061,-23.0862576328218,"Chrome","Windows","938x532","Desktop","Agent4558",3162,0,0
"subj016",3,47,"ink_naming_cong","red","red",858,"207.20.171.9",-88.3493329491466,48.8799186050892,"Chrome","Windows","881x75","Desktop","Agent7599",1046,0,0
"subj016",3,48,"word_reading_cong","red","red",674,"215.173.2.95",70.8609584346414,13.9824699237943,"Chrome","Windows","214x397","Desktop","Agent2730",9797,0,0
"subj016",3,49,"ink_naming_incong","green","green",1186,"206.126.36.1",-20.2903992729262,71.8182512372732,"Chrome","Windows","515x687","Desktop","Agent2293",344,0,0
"subj016",3,50,"ink_naming_cong","green","yellow",1100,"215.146.109.74",-73.7043455382809,-83.4971367940307,"Chrome","Windows","453x148","Desktop","Agent1007",6090,0,0
"subj016",4,1,"ink_naming_incong","green","green",1131,"193.100.29.186",-53.6391807440668,-169.489157292992,"Chrome","Windows","263x243","Desktop","Agent5320",2601,0,0
"subj016",4,2,"word_reading_cong","blue","blue",725,"210.153.39.233",-77.5972802750766,177.347753020003,"Chrome","Windows","214x441","Desktop","Agent8683",1098,0,0
"subj016",4,3,"word_reading_cong","blue","yellow",543,"207.248.233.177",-64.4913588557392,-131.013316400349,"Chrome","Windows","52x255","Desktop","Agent4296",335,0,0
"subj016",4,4,"ink_naming_incong","blue","blue",1143,"201.44.21.137",46.9978314405307,132.690138425678,"Chrome","Windows","81x89","Desktop","Agent1489",8717,0,0
"subj016",4,5,"ink_naming_incong","yellow","yellow",1236,"220.49.210.141",31.1964934738353,-30.0466873403639,"Chrome","Windows","184x296","Desktop","Agent3208",806,0,0
"subj016",4,6,"word_reading_cong","green","yellow",576,"195.106.71.96",87.2675397992134,142.677728002891,"Chrome","Windows","8x674","Desktop","Agent3061",9592,0,0
"subj016",4,7,"word_reading_cong","blue","blue",636,"213.122.230.166",57.822939734906,-86.6809944156557,"Chrome","Windows","746x656","Desktop","Agent8623",639,0,0
"subj016",4,8,"ink_naming_incong","red","red",1123,"213.182.15.113",-6.26876054797322,-91.6106448881328,"Chrome","Windows","604x14","Desktop","Agent8068",1121,0,0
"subj016",4,9,"word_reading_incong","green","green",778,"197.104.160.29",-8.56952117756009,-75.8805313054472,"Chrome","Windows","670x605","Desktop","Agent4189",4145,0,0
"subj016",4,10,"word_reading_incong","red","red",774,"219.109.109.85",-22.9296352760866,-26.8461678363383,"Chrome","Windows","765x604","Desktop","Agent3876",5583,0,0
"subj016",4,11,"word_reading_incong","blue","blue",706,"202.225.22.219",-82.8493531001732,-89.2437950056046,"Chrome","Windows","191x706","Desktop","Agent3542",1096,0,0
"subj016",4,12,"ink_naming_incong","red","red",1217,"205.64.53.85",56.8547000410035,18.3680221438408,"Chrome","Windows","822x492","Desktop","Agent2632",5663,0,0
"subj016",4,13,"word_reading_cong","blue","blue",491,"202.122.168.92",38.5099136643112,39.455155134201,"Chrome","Windows","656x42","Desktop","Agent7596",3929,0,0
"subj016",4,14,"word_reading_incong","red","red",602,"192.142.178.228",-86.5867360169068,120.823251223192,"Chrome","Windows","737x519","Desktop","Agent5151",5642,0,0
"subj016",4,15,"ink_naming_cong","yellow","yellow",813,"214.154.169.127",56.981865875423,5.63431581482291,"Chrome","Windows","256x54","Desktop","Agent8057",8964,0,0
"subj016",4,16,"word_reading_cong","blue","blue",644,"207.192.14.163",-51.9186169607565,-36.0968193970621,"Chrome","Windows","891x33","Desktop","Agent9280",8625,0,0
"subj016",4,17,"word_reading_cong","red","red",904,"218.77.67.250",-3.5014757188037,107.672783508897,"Chrome","Windows","1005x368","Desktop","Agent3056",7929,0,0
"subj016",4,18,"word_reading_cong","blue","blue",888,"202.196.129.44",-57.396860900335,-8.65008216351271,"Chrome","Windows","4x712","Desktop","Agent1695",4982,0,0
"subj016",4,19,"ink_naming_incong","green","blue",1124,"214.86.8.92",15.0699748797342,22.1101519837976,"Chrome","Windows","852x750","Desktop","Agent4345",2659,0,0
"subj016",4,20,"ink_naming_incong","yellow","yellow",1154,"216.194.43.140",-81.8340527079999,-108.356031831354,"Chrome","Windows","1017x655","Desktop","Agent9586",6023,0,0
"subj016",4,21,"ink_naming_incong","blue","blue",978,"215.253.162.227",-75.3184780944139,-152.317100800574,"Chrome","Windows","797x666","Desktop","Agent8584",158,0,0
"subj016",4,22,"word_reading_cong","red","red",714,"199.174.241.78",-50.8205468254164,-139.196819839999,"Chrome","Windows","132x489","Desktop","Agent3581",6964,0,0
"subj016",4,23,"ink_naming_cong","yellow","yellow",926,"194.116.55.31",60.0357315363362,-71.4728005696088,"Chrome","Windows","702x599","Desktop","Agent5773",7493,0,0
"subj016",4,24,"word_reading_cong","green","green",590,"201.164.41.103",39.0685582906008,7.51682513393462,"Chrome","Windows","830x92","Desktop","Agent5086",9375,0,0
"subj016",4,25,"ink_naming_cong","red","red",206,"197.202.106.87",-15.686886892654,68.6576830688864,"Chrome","Windows","571x87","Desktop","Agent9568",7983,0,0
"subj016",4,26,"ink_naming_cong","blue","blue",1131,"221.133.26.121",66.3348859129474,-168.912410354242,"Chrome","Windows","67x230","Desktop","Agent1289",3527,0,0
"subj016",4,27,"ink_naming_cong","yellow","yellow",1139,"205.220.185.85",76.6809516353533,175.936410091817,"Chrome","Windows","143x468","Desktop","Agent2826",1078,0,0
"subj016",4,28,"ink_naming_incong","green","green",1118,"197.193.85.8",22.9305152921006,-103.393018115312,"Chrome","Windows","615x237","Desktop","Agent3276",8775,0,0
"subj016",4,29,"word_reading_cong","red","red",535,"221.111.195.157",-86.7389958025888,97.4629495292902,"Chrome","Windows","76x671","Desktop","Agent4025",5934,0,0
"subj016",4,30,"ink_naming_incong","green","green",1190,"207.158.250.27",12.0461085950956,141.133446162567,"Chrome","Windows","710x121","Desktop","Agent1694",1511,0,0
"subj016",4,31,"word_reading_cong","yellow","yellow",553,"195.27.229.79",-86.4911700831726,97.1455983538181,"Chrome","Windows","682x584","Desktop","Agent4426",11,0,0
"subj016",4,32,"ink_naming_incong","yellow","yellow",1290,"199.55.196.200",74.5420964341611,-105.387990614399,"Chrome","Windows","258x429","Desktop","Agent2448",1868,0,0
"subj016",4,33,"word_reading_cong","green","green",607,"207.71.102.75",-8.69720643851906,-37.9169908259064,"Chrome","Windows","859x481","Desktop","Agent1385",4861,0,0
"subj016",4,34,"word_reading_cong","yellow","yellow",777,"199.27.117.10",73.690318968147,97.4581793881953,"Chrome","Windows","541x498","Desktop","Agent5658",8440,0,0
"subj016",4,35,"ink_naming_cong","blue","blue",997,"192.4.68.53",-56.6546341963112,-176.845825379714,"Chrome","Windows","974x32","Desktop","Agent7481",6839,0,0
"subj016",4,36,"ink_naming_cong","red","red",1111,"214.120.135.180",37.0759482309222,-76.5711559541523,"Chrome","Windows","100x591","Desktop","Agent8849",1116,0,0
"subj016",4,37,"word_reading_incong","yellow","yellow",729,"208.138.70.170",24.2350277630612,79.7653149347752,"Chrome","Windows","54x740","Desktop","Agent2517",720,0,0
"subj016",4,38,"word_reading_cong","yellow","yellow",633,"208.87.58.50",-75.1298729097471,-111.434011850506,"Chrome","Windows","415x753","Desktop","Agent3975",6145,0,0
"subj016",4,39,"word_reading_incong","yellow","yellow",566,"220.48.172.32",-44.1139367781579,-105.593698443845,"Chrome","Windows","268x265","Desktop","Agent9519",7900,0,0
"subj016",4,40,"word_reading_incong","yellow","yellow",733,"221.234.10.206",59.3578868592158,-120.893005169928,"Chrome","Windows","958x371","Desktop","Agent4972",8372,0,0
"subj016",4,41,"ink_naming_incong","red","red",1127,"201.181.245.164",-82.0743941841647,12.4638883396983,"Chrome","Windows","851x749","Desktop","Agent3141",6808,0,0
"subj016",4,42,"ink_naming_incong","blue","blue",1255,"193.250.117.121",-74.9429156072438,40.3104318771511,"Chrome","Windows","403x23","Desktop","Agent3559",6259,0,0
"subj016",4,43,"ink_naming_incong","green","green",1348,"205.168.222.238",-31.3546014809981,7.28276166133583,"Chrome","Windows","951x78","Desktop","Agent4054",8885,0,0
"subj016",4,44,"ink_naming_cong","red","red",4221,"213.7.76.1",-72.4768573930487,152.105846498162,"Chrome","Windows","234x20","Desktop","Agent3019",2370,0,0
"subj016",4,45,"ink_naming_incong","green","green",1215,"206.8.152.217",83.9252328593284,6.52403044514358,"Chrome","Windows","830x398","Desktop","Agent8339",5075,0,0
"subj016",4,46,"ink_naming_incong","red","red",1084,"192.57.199.194",54.2928443010896,103.21307416074,"Chrome","Windows","766x189","Desktop","Agent1021",4862,0,0
"subj016",4,47,"ink_naming_cong","blue","blue",933,"217.28.8.148",-61.8905872385949,176.486925445497,"Chrome","Windows","833x386","Desktop","Agent8833",746,0,0
"subj016",4,48,"ink_naming_cong","yellow","yellow",1162,"196.109.254.37",-23.0294242640957,-79.0154871437699,"Chrome","Windows","879x658","Desktop","Agent9358",7834,0,0
"subj016",4,49,"ink_naming_cong","green","green",1010,"223.90.153.188",16.7462700186297,162.721030572429,"Chrome","Windows","292x140","Desktop","Agent5240",2470,0,0
"subj016",4,50,"word_reading_incong","green","green",625,"197.251.175.195",-16.0919134458527,22.8006063960493,"Chrome","Windows","24x583","Desktop","Agent2191",202,0,0
"subj016",5,1,"word_reading_cong","green","green",648,"197.25.26.7",-31.4353112038225,9.955746056512,"Chrome","Windows","802x270","Desktop","Agent4273",9823,0,0
"subj016",5,2,"ink_naming_cong","blue","blue",1027,"214.116.80.10",9.49192854110152,-147.716133836657,"Chrome","Windows","473x132","Desktop","Agent5620",5710,0,0
"subj016",5,3,"word_reading_cong","red","red",618,"212.161.62.68",62.34973507002,-135.187326483428,"Chrome","Windows","953x737","Desktop","Agent6112",9570,0,0
"subj016",5,4,"ink_naming_cong","red","red",1024,"209.250.214.71",-44.727051621303,11.5234350319952,"Chrome","Windows","69x60","Desktop","Agent4862",6686,0,0
"subj016",5,5,"ink_naming_incong","green","green",1181,"223.0.38.161",2.62249751016498,-54.2788361292332,"Chrome","Windows","518x601","Desktop","Agent2104",9012,0,0
"subj016",5,6,"ink_naming_cong","red","red",1125,"210.228.82.221",-21.8730115145445,156.839152146131,"Chrome","Windows","326x400","Desktop","Agent4314",9187,0,0
"subj016",5,7,"word_reading_cong","blue","blue",750,"214.209.114.188",12.2188787302002,-66.8218847550452,"Chrome","Windows","221x524","Desktop","Agent4663",3882,0,0
"subj016",5,8,"word_reading_incong","yellow","yellow",600,"199.74.75.46",65.1229812763631,20.3883647359908,"Chrome","Windows","1000x583","Desktop","Agent9287",1541,0,0
"subj016",5,9,"ink_naming_cong","blue","blue",3218,"208.5.94.138",56.9023521663621,118.144525727257,"Chrome","Windows","589x485","Desktop","Agent3322",9302,0,0
"subj016",5,10,"word_reading_cong","green","green",746,"198.159.123.85",66.3116430211812,-136.801790250465,"Chrome","Windows","801x396","Desktop","Agent7234",316,0,0
"subj016",5,11,"ink_naming_cong","red","red",985,"197.83.12.4",25.9276103228331,66.6809989605099,"Chrome","Windows","691x344","Desktop","Agent2153",9178,0,0
"subj016",5,12,"word_reading_cong","red","red",822,"212.162.92.196",63.4410664066672,-115.037038810551,"Chrome","Windows","305x95","Desktop","Agent6892",693,0,0
"subj016",5,13,"ink_naming_incong","red","red",1144,"199.182.183.209",54.8046126309782,56.140411645174,"Chrome","Windows","210x755","Desktop","Agent7377",5585,0,0
"subj016",5,14,"word_reading_cong","green","green",561,"219.205.78.0",-88.2594054797664,-141.760479658842,"Chrome","Windows","516x66","Desktop","Agent4354",5368,0,0
"subj016",5,15,"word_reading_cong","green","green",604,"200.225.47.79",-54.2681731330231,-145.122503768653,"Chrome","Windows","474x431","Desktop","Agent3745",6922,0,0
"subj016",5,16,"word_reading_incong","red","red",830,"192.12.221.240",-44.6061994554475,-93.4062696620822,"Chrome","Windows","651x5","Desktop","Agent3825",5691,0,0
"subj016",5,17,"ink_naming_cong","yellow","yellow",1257,"208.82.4.234",-11.8263132171705,117.652007360011,"Chrome","Windows","879x181","Desktop","Agent7275",7216,0,0
"subj016",5,18,"word_reading_cong","yellow","yellow",573,"218.99.165.143",20.2237893361598,6.46623202599585,"Chrome","Windows","764x55","Desktop","Agent6306",830,0,0
"subj016",5,19,"ink_naming_incong","green","blue",1158,"193.135.4.150",68.1488747661933,174.775897795334,"Chrome","Windows","494x474","Desktop","Agent5810",870,0,0
"subj016",5,20,"ink_naming_cong","red","red",1069,"193.152.249.107",-21.2028317106888,45.9594557527453,"Chrome","Windows","500x318","Desktop","Agent5383",4155,0,0
"subj016",5,21,"word_reading_cong","yellow","yellow",507,"221.185.104.190",53.9854689314961,-104.771811850369,"Chrome","Windows","1020x4","Desktop","Agent6924",2768,0,0
"subj016",5,22,"word_reading_incong","yellow","yellow",729,"220.6.209.213",-45.1108637871221,-153.43709455803,"Chrome","Windows","999x207","Desktop","Agent3575",1209,0,0
"subj016",5,23,"word_reading_incong","yellow","yellow",623,"210.245.34.235",56.7761947587132,29.5457630977035,"Chrome","Windows","382x636","Desktop","Agent5093",5499,0,0
"subj016",5,24,"ink_naming_cong","blue","blue",1029,"209.190.12.121",-43.5482565499842,44.9848495423794,"Chrome","Windows","220x434","Desktop","Agent7467",7759,0,0
"subj016",5,25,"word_reading_cong","red","red",590,"212.197.102.43",7.91121387854218,-60.8934554178268,"Chrome","Windows","607x473","Desktop","Agent3444",16,0,0
"subj016",5,26,"word_reading_cong","blue","blue",547,"201.66.236.39",40.5369722982869,74.1545191593468,"Chrome","Windows","220x170","Desktop","Agent7999",5324,0,0
"subj016",5,27,"ink_naming_cong","green","green",860,"198.77.107.228",13.4066582797095,141.078446209431,"Chrome","Windows","112x52","Desktop","Agent3432",2273,0,0
"subj016",5,28,"word_reading_incong","blue","blue",612,"200.200.151.120",-16.9593397574499,164.903352353722,"Chrome","Windows","223x620","Desktop","Agent3102",8045,0,0
"subj016",5,29,"word_reading_incong","yellow","green",595,"202.176.135.173",-70.8497680909932,1.70133288949728,"Chrome","Windows","75x124","Desktop","Agent6915",5636,0,0
"subj016",5,30,"word_reading_cong","green","green",713,"213.189.196.51",-22.2070474131033,4.14143180474639,"Chrome","Windows","821x577","Desktop","Agent8329",4197,0,0
"subj016",5,31,"word_reading_cong","yellow","yellow",626,"204.118.139.143",44.3316044937819,-64.8644976317883,"Chrome","Windows","426x343","Desktop","Agent4623",2426,0,0
"subj016",5,32,"ink_naming_incong","green","green",1314,"219.45.67.254",-14.4882999686524,111.224151710048,"Chrome","Windows","280x274","Desktop","Agent4760",9722,0,0
"subj016",5,33,"ink_naming_cong","blue","blue",978,"198.133.177.86",-52.743661897257,163.561151158065,"Chrome","Windows","270x515","Desktop","Agent9203",4647,0,0
"subj016",5,34,"word_reading_cong","red","red",831,"214.212.245.41",-66.2009273003787,129.770107408985,"Chrome","Windows","299x113","Desktop","Agent2409",9662,0,0
"subj016",5,35,"word_reading_incong","blue","blue",730,"209.224.233.75",55.9150886116549,-0.136199137195945,"Chrome","Windows","642x605","Desktop","Agent3366",7796,0,0
"subj016",5,36,"ink_naming_incong","red","red",1145,"195.186.157.148",-20.1827585790306,-95.1031589694321,"Chrome","Windows","17x679","Desktop","Agent9946",519,0,0
"subj016",5,37,"ink_naming_cong","blue","blue",924,"192.192.207.230",43.3423829684034,-14.5283999573439,"Chrome","Windows","176x216","Desktop","Agent9135",8819,0,0
"subj016",5,38,"ink_naming_cong","yellow","yellow",1153,"215.146.38.38",-14.2805843381211,-135.503949355334,"Chrome","Windows","214x496","Desktop","Agent8025",9878,0,0
"subj016",5,39,"ink_naming_incong","yellow","yellow",1240,"215.201.211.137",34.1245688544586,-69.1650249995291,"Chrome","Windows","519x26","Desktop","Agent3254",3476,0,0
"subj016",5,40,"word_reading_incong","red","red",722,"212.135.175.160",-80.6623390875757,152.44890932925,"Chrome","Windows","624x92","Desktop","Agent5380",53,0,0
"subj016",5,41,"word_reading_cong","red","red",495,"223.62.28.81",-53.7701141182333,123.498208718374,"Chrome","Windows","141x45","Desktop","Agent9355",5966,0,0
"subj016",5,42,"ink_naming_incong","yellow","yellow",1165,"201.217.50.253",-42.2746773669496,75.6872992683202,"Chrome","Windows","690x239","Desktop","Agent4971",297,0,0
"subj016",5,43,"word_reading_cong","green","green",514,"205.231.118.114",68.2333982549608,-102.896455647424,"Chrome","Windows","645x258","Desktop","Agent9598",3086,0,0
"subj016",5,44,"word_reading_cong","red","red",778,"202.243.72.139",40.1985937776044,24.856293797493,"Chrome","Windows","704x550","Desktop","Agent8450",9162,0,0
"subj016",5,45,"word_reading_incong","green","green",755,"195.0.76.217",71.9901936594397,20.5562017019838,"Chrome","Windows","810x517","Desktop","Agent1340",5223,0,0
"subj016",5,46,"ink_naming_cong","red","red",3711,"202.114.85.213",64.8435139562935,-10.3922568820417,"Chrome","Windows","26x309","Desktop","Agent6149",6937,0,0
"subj016",5,47,"ink_naming_cong","yellow","yellow",808,"223.181.149.191",3.21156857069582,138.153092013672,"Chrome","Windows","87x361","Desktop","Agent1971",7112,0,0
"subj016",5,48,"ink_naming_cong","yellow","yellow",1017,"205.95.85.219",37.286927565001,-102.667286451906,"Chrome","Windows","78x448","Desktop","Agent3217",2363,0,0
"subj016",5,49,"word_reading_cong","yellow","yellow",662,"197.97.165.22",-35.8289331849664,-154.5738841407,"Chrome","Windows","511x348","Desktop","Agent2060",2256,0,0
"subj016",5,50,"ink_naming_incong","yellow","yellow",1099,"196.61.57.231",-27.2161774383858,-123.125385269523,"Chrome","Windows","814x394","Desktop","Agent5522",1694,0,0
"subj016",6,1,"word_reading_incong","red","red",674,"204.154.160.3",11.1262493720278,156.412636404857,"Chrome","Windows","264x349","Desktop","Agent6597",931,0,0
"subj016",6,2,"word_reading_incong","green","green",789,"212.76.187.20",0.356850391253829,-62.5944863073528,"Chrome","Windows","722x347","Desktop","Agent2578",9324,0,0
"subj016",6,3,"ink_naming_cong","green","green",1106,"204.22.238.105",27.1897037001327,66.7061838135123,"Chrome","Windows","486x92","Desktop","Agent7092",694,0,0
"subj016",6,4,"ink_naming_cong","red","red",995,"220.179.180.217",-17.5612764107063,-19.6846085786819,"Chrome","Windows","491x530","Desktop","Agent2056",8046,0,0
"subj016",6,5,"word_reading_cong","blue","blue",701,"214.26.188.200",-42.5692426320165,15.9816712606698,"Chrome","Windows","819x588","Desktop","Agent6202",778,0,0
"subj016",6,6,"word_reading_incong","yellow","yellow",654,"198.226.65.102",48.2153044268489,8.35391348227859,"Chrome","Windows","279x768","Desktop","Agent2428",2046,0,0
"subj016",6,7,"word_reading_cong","blue","blue",715,"194.76.187.76",34.730314956978,-32.4843743629754,"Chrome","Windows","870x377","Desktop","Agent7977",1466,0,0
"subj016",6,8,"ink_naming_cong","red","red",950,"208.201.237.89",-24.4662794424221,-57.2357827238739,"Chrome","Windows","266x374","Desktop","Agent1801",6046,0,0
"subj016",6,9,"ink_naming_incong","blue","blue",1048,"200.23.2.84",74.9161565909162,81.0561570245773,"Chrome","Windows","645x696","Desktop","Agent1869",7380,0,0
"subj016",6,10,"word_reading_cong","red","red",831,"216.30.119.15",24.3263546330854,93.2858844101429,"Chrome","Windows","843x326","Desktop","Agent9791",9625,0,0
"subj016",6,11,"ink_naming_cong","blue","blue",965,"201.18.148.174",56.0762991802767,70.6978331878781,"Chrome","Windows","15x9","Desktop","Agent9465",8630,0,0
"subj016",6,12,"word_reading_cong","green","green",648,"202.34.167.244",87.6903095003217,136.493988661095,"Chrome","Windows","955x254","Desktop","Agent1494",1143,0,0
"subj016",6,13,"word_reading_incong","green","red",844,"207.197.17.121",26.9398246658966,-94.0999269671738,"Chrome","Windows","300x278","Desktop","Agent1600",6500,0,0
"subj016",6,14,"word_reading_incong","yellow","yellow",792,"202.107.70.33",15.5364248994738,90.6899305433035,"Chrome","Windows","527x608","Desktop","Agent4752",4641,0,0
"subj016",6,15,"ink_naming_incong","green","green",1018,"215.85.145.113",-85.3286574874073,-121.335884733126,"Chrome","Windows","722x282","Desktop","Agent6770",8947,0,0
"subj016",6,16,"word_reading_incong","yellow","yellow",857,"215.128.223.51",-84.941434264183,-158.544704569504,"Chrome","Windows","753x311","Desktop","Agent6083",8257,0,0
"subj016",6,17,"word_reading_incong","yellow","yellow",891,"207.135.226.63",48.647993397899,-18.6625027935952,"Chrome","Windows","269x414","Desktop","Agent4250",2746,0,0
"subj016",6,18,"ink_naming_cong","yellow","yellow",941,"208.22.136.115",56.9802311109379,-128.204815490171,"Chrome","Windows","25x343","Desktop","Agent6850",9640,0,0
"subj016",6,19,"ink_naming_incong","red","red",1106,"204.158.193.244",57.9593804385513,75.0405382085592,"Chrome","Windows","558x293","Desktop","Agent9273",8581,0,0
"subj016",6,20,"ink_naming_incong","yellow","yellow",1141,"209.220.87.181",-82.800348806195,73.8939658552408,"Chrome","Windows","93x505","Desktop","Agent1148",572,0,0
"subj016",6,21,"word_reading_incong","blue","blue",882,"196.171.174.126",-51.9779757130891,-142.404711395502,"Chrome","Windows","653x437","Desktop","Agent2270",840,0,0
"subj016",6,22,"word_reading_incong","yellow","yellow",756,"193.8.148.77",-64.786577699706,41.1826628632843,"Chrome","Windows","27x526","Desktop","Agent8357",7138,0,0
"subj016",6,23,"ink_naming_incong","red","red",1161,"204.231.164.67",-43.280004132539,139.587307479233,"Chrome","Windows","895x731","Desktop","Agent9639",1364,0,0
"subj016",6,24,"word_reading_incong","red","red",616,"206.149.189.97",-80.1486337417737,167.122266422957,"Chrome","Windows","126x413","Desktop","Agent5048",3015,0,0
"subj016",6,25,"word_reading_incong","blue",NA,NA,"198.213.51.55",57.252361625433,79.7500906325877,"Chrome","Windows","764x473","Desktop","Agent7120",4868,0,0
"subj016",6,26,"word_reading_cong","yellow","yellow",754,"211.152.111.186",-42.477641380392,89.1629766952246,"Chrome","Windows","17x173","Desktop","Agent6758",4965,0,0
"subj016",6,27,"word_reading_incong","blue","blue",652,"207.65.13.201",22.8589757485315,-74.0977706573904,"Chrome","Windows","100x65","Desktop","Agent2770",5430,0,0
"subj016",6,28,"ink_naming_incong","green","green",1149,"213.134.5.117",48.4527038130909,91.3789562601596,"Chrome","Windows","893x687","Desktop","Agent5238",2409,0,0
"subj016",6,29,"ink_naming_cong","green","green",880,"218.236.251.110",-76.8553284136578,135.807822598144,"Chrome","Windows","628x357","Desktop","Agent7408",4427,0,0
"subj016",6,30,"ink_naming_incong","blue","blue",1160,"199.236.64.126",-15.1306653488427,-139.186048256233,"Chrome","Windows","939x604","Desktop","Agent5228",1844,0,0
"subj016",6,31,"ink_naming_incong","blue","blue",1231,"197.154.99.201",35.4328779503703,-151.568809244782,"Chrome","Windows","976x471","Desktop","Agent1616",7448,0,0
"subj016",6,32,"ink_naming_incong","blue","blue",1070,"210.175.55.232",42.0673647802323,102.446682471782,"Chrome","Windows","773x25","Desktop","Agent3390",9901,0,0
"subj016",6,33,"ink_naming_cong","green","green",972,"203.59.145.85",-24.4477836834267,76.8667055480182,"Chrome","Windows","201x587","Desktop","Agent3421",2985,0,0
"subj016",6,34,"word_reading_cong","yellow","yellow",584,"221.25.25.97",-46.020971420221,179.516227478161,"Chrome","Windows","589x177","Desktop","Agent8330",1943,0,0
"subj016",6,35,"ink_naming_incong","green","green",1190,"214.223.186.228",37.2216279711574,18.2459206134081,"Chrome","Windows","961x125","Desktop","Agent7893",9545,0,0
"subj016",6,36,"word_reading_cong","blue","blue",724,"193.27.245.130",13.4315072698519,-63.2830267120153,"Chrome","Windows","20x155","Desktop","Agent5634",7388,0,0
"subj016",6,37,"ink_naming_cong","blue","blue",1074,"218.7.249.84",-26.1045393906534,34.7411346528679,"Chrome","Windows","564x461","Desktop","Agent8901",1595,0,0
"subj016",6,38,"word_reading_incong","red","red",834,"205.109.71.124",1.23903979081661,-66.8721030000597,"Chrome","Windows","427x695","Desktop","Agent9367",1962,0,0
"subj016",6,39,"ink_naming_incong","blue","blue",1095,"207.84.227.179",-9.84777201432735,16.3608515448868,"Chrome","Windows","684x653","Desktop","Agent2099",2555,0,0
"subj016",6,40,"word_reading_incong","green","green",730,"195.130.214.93",76.3188174599782,48.7835036683828,"Chrome","Windows","52x308","Desktop","Agent7903",1867,0,0
"subj016",6,41,"word_reading_cong","red","red",820,"194.30.192.199",-61.8729749741033,-47.119182497263,"Chrome","Windows","755x445","Desktop","Agent4341",2097,0,0
"subj016",6,42,"word_reading_incong","blue","blue",663,"200.184.221.148",45.031267516315,-29.1993700526655,"Chrome","Windows","34x29","Desktop","Agent3115",1854,0,0
"subj016",6,43,"ink_naming_incong","red","red",1163,"206.3.10.215",-35.5885124998167,134.386829249561,"Chrome","Windows","34x609","Desktop","Agent1769",9731,0,0
"subj016",6,44,"ink_naming_cong","red","red",1134,"203.153.1.11",-25.1891425251961,152.802834687755,"Chrome","Windows","856x721","Desktop","Agent8516",4450,0,0
"subj016",6,45,"word_reading_cong","blue","blue",821,"198.195.200.130",40.1047686813399,-133.079262496904,"Chrome","Windows","892x618","Desktop","Agent9052",5179,0,0
"subj016",6,46,"ink_naming_incong","red","red",1192,"203.152.188.236",-74.6333942608908,11.2894794344902,"Chrome","Windows","480x53","Desktop","Agent8282",549,0,0
"subj016",6,47,"ink_naming_incong","yellow","yellow",1192,"218.148.170.222",-67.4618062656373,-161.164742996916,"Chrome","Windows","349x642","Desktop","Agent6191",8880,0,0
"subj016",6,48,"ink_naming_incong","yellow","yellow",1303,"197.96.223.244",82.855877825059,-11.0763412993401,"Chrome","Windows","816x246","Desktop","Agent8173",4188,0,0
"subj016",6,49,"word_reading_cong","yellow","yellow",646,"209.18.56.173",56.003597904928,-54.8628327436745,"Chrome","Windows","639x199","Desktop","Agent6227",5654,0,0
"subj016",6,50,"ink_naming_cong","green","green",889,"206.146.160.1",-4.87695399206132,97.4899939913303,"Chrome","Windows","925x571","Desktop","Agent2538",9898,0,0
"subj016",7,1,"word_reading_incong","yellow","yellow",803,"206.189.216.60",58.2242471957579,-150.634611602873,"Chrome","Windows","171x150","Desktop","Agent9369",3074,0,0
"subj016",7,2,"ink_naming_incong","red","blue",1246,"198.104.234.247",-78.905859477818,-98.241260452196,"Chrome","Windows","730x418","Desktop","Agent9042",645,0,0
"subj016",7,3,"ink_naming_cong","blue","blue",984,"204.243.28.62",48.4389370819554,-117.377218315378,"Chrome","Windows","768x650","Desktop","Agent4640",2853,0,0
"subj016",7,4,"word_reading_cong","blue","blue",690,"213.33.242.33",-5.13255195692182,-68.101232657209,"Chrome","Windows","872x18","Desktop","Agent3471",9589,0,0
"subj016",7,5,"word_reading_cong","red","red",9,"203.99.98.127",-83.9611920202151,16.0064241942018,"Chrome","Windows","241x47","Desktop","Agent8204",286,0,0
"subj016",7,6,"word_reading_cong","yellow","yellow",667,"220.134.152.39",41.0062696505338,-45.2375106979162,"Chrome","Windows","483x708","Desktop","Agent2289",1987,0,0
"subj016",7,7,"word_reading_incong","yellow","yellow",605,"213.158.51.102",-61.8602556874976,128.871952956542,"Chrome","Windows","707x537","Desktop","Agent2068",5977,0,0
"subj016",7,8,"word_reading_incong","green","green",803,"218.186.245.138",-45.6669961893931,-78.9045780524611,"Chrome","Windows","759x510","Desktop","Agent1536",6188,0,0
"subj016",7,9,"word_reading_cong","yellow","yellow",772,"216.132.78.221",-45.5742110777646,-147.185553247109,"Chrome","Windows","79x318","Desktop","Agent4963",640,0,0
"subj016",7,10,"ink_naming_incong","yellow","yellow",1234,"214.20.30.20",36.064012167044,-19.5626307651401,"Chrome","Windows","874x374","Desktop","Agent8044",8084,0,0
"subj016",7,11,"word_reading_cong","blue","blue",896,"212.213.34.249",51.4647393347695,-157.667172281072,"Chrome","Windows","404x378","Desktop","Agent7390",6024,0,0
"subj016",7,12,"word_reading_incong","green","green",861,"220.56.207.79",-55.610153968446,-95.6990427151322,"Chrome","Windows","802x330","Desktop","Agent8894",1278,0,0
"subj016",7,13,"ink_naming_cong","yellow","yellow",789,"211.226.94.242",86.5458704670891,-34.9680459313095,"Chrome","Windows","577x335","Desktop","Agent6027",758,0,0
"subj016",7,14,"word_reading_incong","blue","blue",844,"213.169.152.189",8.13591124489903,84.1133713815361,"Chrome","Windows","847x396","Desktop","Agent9130",4890,0,0
"subj016",7,15,"word_reading_cong","red","red",733,"206.158.83.29",-76.0436859726906,-143.109722239897,"Chrome","Windows","167x58","Desktop","Agent7560",1575,0,0
"subj016",7,16,"word_reading_incong","green","green",761,"192.143.138.160",14.2741332482547,3.79367393441498,"Chrome","Windows","153x191","Desktop","Agent1906",1643,0,0
"subj016",7,17,"ink_naming_cong","yellow","yellow",892,"222.180.187.92",-64.7219328163192,-98.8861257769167,"Chrome","Windows","161x395","Desktop","Agent9123",3065,0,0
"subj016",7,18,"word_reading_incong","green","green",623,"217.31.30.202",5.2429844532162,-90.1411151234061,"Chrome","Windows","52x196","Desktop","Agent1209",1323,0,0
"subj016",7,19,"word_reading_cong","red","red",808,"194.91.106.130",-28.5455979499966,-61.5085753798485,"Chrome","Windows","978x120","Desktop","Agent1479",4728,0,0
"subj016",7,20,"ink_naming_incong","yellow","blue",1068,"211.102.42.235",-71.8169499468058,-70.0216582696885,"Chrome","Windows","565x189","Desktop","Agent2431",4866,0,0
"subj016",7,21,"ink_naming_incong","red","red",1090,"211.8.179.103",-3.25820832978934,-98.1085480190814,"Chrome","Windows","1007x49","Desktop","Agent4614",1506,0,0
"subj016",7,22,"ink_naming_incong","green","green",987,"219.76.97.46",-36.1848619859666,-35.8841343875974,"Chrome","Windows","401x169","Desktop","Agent5722",2541,0,0
"subj016",7,23,"ink_naming_incong","red","red",1168,"213.235.81.191",-38.3601119555533,92.3318030498922,"Chrome","Windows","871x62","Desktop","Agent2469",8856,0,0
"subj016",7,24,"ink_naming_incong","yellow","yellow",1029,"207.110.223.240",-67.6789203565568,164.808382960036,"Chrome","Windows","765x324","Desktop","Agent8004",5345,0,0
"subj016",7,25,"word_reading_cong","yellow","yellow",683,"206.13.164.156",-29.6616333955899,131.929857563227,"Chrome","Windows","965x320","Desktop","Agent3085",9716,0,0
"subj016",7,26,"word_reading_cong","yellow","yellow",946,"219.247.210.197",53.4160765679553,141.880390830338,"Chrome","Windows","592x568","Desktop","Agent1550",3581,0,0
"subj016",7,27,"word_reading_incong","yellow","yellow",785,"210.122.9.173",-63.4186057141051,-2.06744796596467,"Chrome","Windows","998x658","Desktop","Agent7713",8992,0,0
"subj016",7,28,"word_reading_incong","red","red",624,"209.25.20.144",-75.5055047152564,41.6480827890337,"Chrome","Windows","353x683","Desktop","Agent6774",730,0,0
"subj016",7,29,"word_reading_cong","blue","blue",747,"212.204.11.75",-7.59705000557005,-96.4122114982456,"Chrome","Windows","344x562","Desktop","Agent5662",8838,0,0
"subj016",7,30,"ink_naming_cong","yellow",NA,NA,"202.46.19.9",66.6287575755268,-2.45969370938838,"Chrome","Windows","668x387","Desktop","Agent3310",1664,0,0
"subj016",7,31,"word_reading_cong","red","red",1505,"223.10.114.217",-52.7323658997193,-21.4299572724849,"Chrome","Windows","521x27","Desktop","Agent7086",1554,0,0
"subj016",7,32,"ink_naming_cong","red","red",1087,"221.166.18.35",-67.7376206265762,158.288550172001,"Chrome","Windows","783x193","Desktop","Agent7609",8688,0,0
"subj016",7,33,"word_reading_incong","green","green",653,"198.50.48.184",71.7601438192651,-71.4929691050202,"Chrome","Windows","11x138","Desktop","Agent7716",2299,0,0
"subj016",7,34,"word_reading_cong","red","red",524,"193.142.49.99",-57.1569971507415,48.3514018915594,"Chrome","Windows","46x584","Desktop","Agent3315",9893,0,0
"subj016",7,35,"word_reading_cong","green","green",869,"212.180.45.6",-83.8031613780186,-66.6707962565124,"Chrome","Windows","408x72","Desktop","Agent5664",4594,0,0
"subj016",7,36,"word_reading_cong","green","green",647,"199.107.93.98",-31.2353870132938,92.868346022442,"Chrome","Windows","997x559","Desktop","Agent8171",1108,0,0
"subj016",7,37,"ink_naming_cong","green","green",1014,"206.23.158.28",15.9987567644566,127.295199288055,"Chrome","Windows","771x125","Desktop","Agent8201",7230,0,0
"subj016",7,38,"ink_naming_cong","blue","blue",1063,"222.177.85.206",33.8792561972514,-76.2191369757056,"Chrome","Windows","168x309","Desktop","Agent1866",7634,0,0
"subj016",7,39,"word_reading_cong","yellow","yellow",710,"211.42.168.70",-38.0739015620202,-155.676536578685,"Chrome","Windows","151x607","Desktop","Agent4751",3176,0,0
"subj016",7,40,"word_reading_cong","blue","blue",702,"206.57.51.181",-80.0260273274034,-163.338194461539,"Chrome","Windows","726x295","Desktop","Agent1304",9921,0,0
"subj016",7,41,"word_reading_cong","yellow","yellow",833,"209.73.14.197",57.8308645728976,81.6353643871844,"Chrome","Windows","52x180","Desktop","Agent7946",44,0,0
"subj016",7,42,"word_reading_cong","blue","blue",591,"209.73.218.154",12.7965670824051,-70.5630359239876,"Chrome","Windows","164x580","Desktop","Agent5025",9416,0,0
"subj016",7,43,"ink_naming_incong","blue","blue",1210,"220.59.193.15",41.1469271220267,52.6181419752538,"Chrome","Windows","212x541","Desktop","Agent9836",839,0,0
"subj016",7,44,"ink_naming_incong","red","red",1317,"206.188.210.204",31.3139652600512,-158.461354253814,"Chrome","Windows","869x282","Desktop","Agent2990",550,0,0
"subj016",7,45,"ink_naming_incong","red","red",1271,"199.83.194.103",-73.0050233658403,-159.409365104511,"Chrome","Windows","687x10","Desktop","Agent6560",4441,0,0
"subj016",7,46,"word_reading_cong","red","red",689,"214.67.129.82",11.0935861850157,-115.74717393145,"Chrome","Windows","948x252","Desktop","Agent2912",4293,0,0
"subj016",7,47,"ink_naming_incong","blue","blue",1148,"214.166.195.76",-84.7113068075851,-147.068495359272,"Chrome","Windows","570x681","Desktop","Agent8585",7217,0,0
"subj016",7,48,"word_reading_incong","green","green",692,"207.75.125.148",45.7631129398942,-141.251500323415,"Chrome","Windows","969x676","Desktop","Agent8351",273,0,0
"subj016",7,49,"ink_naming_incong","red","red",2787,"208.240.106.156",-5.68099312484264,148.818340692669,"Chrome","Windows","762x36","Desktop","Agent5496",4495,0,0
"subj016",7,50,"word_reading_cong","red","red",882,"195.197.4.0",62.0157510554418,72.8463233448565,"Chrome","Windows","932x263","Desktop","Agent7260",8375,0,0
"subj016",8,1,"word_reading_cong","yellow","yellow",934,"219.2.78.103",11.6922368807718,38.625376811251,"Chrome","Windows","748x560","Desktop","Agent5329",7763,0,0
"subj016",8,2,"ink_naming_cong","yellow","yellow",990,"202.237.162.81",19.5045493729413,-96.3257917296141,"Chrome","Windows","812x480","Desktop","Agent9329",5513,0,0
"subj016",8,3,"word_reading_incong","red","red",705,"212.95.197.229",54.5443438505754,115.213879365474,"Chrome","Windows","524x394","Desktop","Agent7323",3959,0,0
"subj016",8,4,"word_reading_incong","yellow","yellow",585,"209.244.164.78",-85.2282796707004,-163.91643547453,"Chrome","Windows","661x537","Desktop","Agent8770",1803,0,0
"subj016",8,5,"ink_naming_cong","yellow","yellow",878,"208.200.170.152",-38.7776636704803,-122.358910515904,"Chrome","Windows","789x316","Desktop","Agent6421",2069,0,0
"subj016",8,6,"word_reading_cong","red","yellow",2074,"192.16.164.112",-47.917084065266,51.5527713205665,"Chrome","Windows","363x768","Desktop","Agent1029",5641,0,0
"subj016",8,7,"word_reading_cong","yellow","yellow",933,"200.218.197.133",58.9432518789545,123.299655094743,"Chrome","Windows","641x436","Desktop","Agent8076",9428,0,0
"subj016",8,8,"word_reading_cong","green","green",645,"209.94.68.40",-87.4983870517462,72.7067773137242,"Chrome","Windows","261x728","Desktop","Agent2721",5011,0,0
"subj016",8,9,"word_reading_incong","blue","blue",677,"220.160.220.76",77.2878212481737,-70.5985386483371,"Chrome","Windows","530x653","Desktop","Agent2584",6789,0,0
"subj016",8,10,"word_reading_cong","green","green",536,"215.22.114.185",17.9344178270549,177.945453375578,"Chrome","Windows","75x120","Desktop","Agent6381",4877,0,0
"subj016",8,11,"ink_naming_cong","green","green",12,"192.132.244.105",62.6594266947359,140.832898691297,"Chrome","Windows","402x464","Desktop","Agent6552",472,0,0
"subj016",8,12,"word_reading_incong","red","red",690,"208.144.186.151",43.1588630005717,150.650727404281,"Chrome","Windows","71x250","Desktop","Agent3245",9969,0,0
"subj016",8,13,"word_reading_cong","red","red",601,"213.103.151.143",59.9808510672301,-38.2145282719284,"Chrome","Windows","764x497","Desktop","Agent5444",3706,0,0
"subj016",8,14,"ink_naming_cong","red","red",1070,"197.126.133.196",78.0512894131243,-115.165787022561,"Chrome","Windows","865x662","Desktop","Agent6518",1751,0,0
"subj016",8,15,"word_reading_incong","yellow","yellow",677,"221.139.222.178",-52.3858101619408,-47.3127753753215,"Chrome","Windows","1000x401","Desktop","Agent7289",758,0,0
"subj016",8,16,"word_reading_cong","red","red",765,"206.47.245.38",-53.1597259500995,-135.477096671239,"Chrome","Windows","994x398","Desktop","Agent5085",3113,0,0
"subj016",8,17,"word_reading_cong","blue","blue",541,"193.227.98.50",-27.6644177315757,-106.261215191334,"Chrome","Windows","515x350","Desktop","Agent3655",2902,0,0
"subj016",8,18,"word_reading_cong","blue","blue",786,"202.3.55.179",-60.8576214406639,132.110674744472,"Chrome","Windows","423x50","Desktop","Agent2018",8536,0,0
"subj016",8,19,"ink_naming_cong","yellow","yellow",776,"210.208.223.142",13.5995393665507,82.0236791856587,"Chrome","Windows","426x673","Desktop","Agent3839",234,0,0
"subj016",8,20,"word_reading_incong","green","green",707,"203.5.119.48",12.8613584395498,-105.277528529987,"Chrome","Windows","1005x470","Desktop","Agent4479",7731,0,0
"subj016",8,21,"ink_naming_incong","green","green",921,"214.86.46.160",47.6047514704987,81.3782256189734,"Chrome","Windows","751x315","Desktop","Agent4311",5094,0,0
"subj016",8,22,"word_reading_cong","green","green",689,"217.60.120.164",-31.1485276557505,-126.67594620958,"Chrome","Windows","468x24","Desktop","Agent9750",698,0,0
"subj016",8,23,"ink_naming_cong","red","red",970,"210.147.139.253",19.985149721615,-83.0942757893354,"Chrome","Windows","661x64","Desktop","Agent6897",3045,0,0
"subj016",8,24,"word_reading_cong","yellow","yellow",797,"223.108.244.197",-78.1692014168948,-45.1358632743359,"Chrome","Windows","598x465","Desktop","Agent8330",426,0,0
"subj016",8,25,"word_reading_incong","green","green",528,"213.189.38.70",-66.0196347814053,-27.3682177439332,"Chrome","Windows","594x704","Desktop","Agent3289",4552,0,0
"subj016",8,26,"ink_naming_cong","green","green",1083,"221.84.224.62",23.7948851007968,-169.698410499841,"Chrome","Windows","332x161","Desktop","Agent8324",7036,0,0
"subj016",8,27,"word_reading_cong","red","red",686,"213.79.106.83",-27.362225940451,129.469524733722,"Chrome","Windows","526x589","Desktop","Agent2632",6753,0,0
"subj016",8,28,"ink_naming_incong","red","green",1191,"195.37.45.23",4.02702687308192,-83.3235361799598,"Chrome","Windows","387x58","Desktop","Agent5991",479,0,0
"subj016",8,29,"ink_naming_incong","green","green",336,"194.205.126.138",63.7799380766228,-27.7242428530008,"Chrome","Windows","512x299","Desktop","Agent3557",9783,0,0
"subj016",8,30,"word_reading_incong","green","green",718,"202.176.214.125",53.7553765950724,157.677322262898,"Chrome","Windows","14x301","Desktop","Agent5452",1619,0,0
"subj016",8,31,"word_reading_cong","green","green",682,"215.201.113.235",-80.9187454869971,-172.839085729793,"Chrome","Windows","72x539","Desktop","Agent8988",7964,0,0
"subj016",8,32,"word_reading_cong","red","red",594,"208.21.81.16",48.8092125579715,117.667957367375,"Chrome","Windows","304x656","Desktop","Agent6422",420,0,0
"subj016",8,33,"ink_naming_incong","red","red",946,"208.201.120.210",-66.2965231994167,-98.9950164221227,"Chrome","Windows","887x445","Desktop","Agent2582",8410,0,0
"subj016",8,34,"ink_naming_incong","green","green",1142,"218.215.213.8",-72.1209335373715,-145.460451375693,"Chrome","Windows","376x121","Desktop","Agent4999",7329,0,0
"subj016",8,35,"ink_naming_cong","green","green",949,"197.114.221.97",-25.7741753524169,-83.0353865493089,"Chrome","Windows","531x369","Desktop","Agent3155",9205,0,0
"subj016",8,36,"ink_naming_incong","green","green",1193,"220.14.44.129",-21.8286216678098,-177.416780004278,"Chrome","Windows","441x395","Desktop","Agent2473",745,0,0
"subj016",8,37,"ink_naming_cong","green","green",977,"203.247.250.242",-76.5142951346934,97.9833379760385,"Chrome","Windows","485x673","Desktop","Agent5289",2268,0,0
"subj016",8,38,"word_reading_cong","red","red",756,"208.27.190.103",3.1719915708527,-62.6248640008271,"Chrome","Windows","205x48","Desktop","Agent3796",881,0,0
"subj016",8,39,"ink_naming_incong","yellow","yellow",1201,"197.153.242.199",45.0024196878076,-137.90610909462,"Chrome","Windows","606x236","Desktop","Agent1886",9938,0,0
"subj016",8,40,"ink_naming_incong","yellow","yellow",1226,"221.67.130.232",-31.0757434833795,-157.011186601594,"Chrome","Windows","566x594","Desktop","Agent3059",7639,0,0
"subj016",8,41,"ink_naming_cong","green","red",917,"215.109.94.52",62.339667356573,-132.015103613958,"Chrome","Windows","916x123","Desktop","Agent7100",7746,0,0
"subj016",8,42,"word_reading_incong","red","red",685,"202.28.54.50",80.0327177206054,94.2949665617198,"Chrome","Windows","780x4","Desktop","Agent3576",9979,0,0
"subj016",8,43,"ink_naming_incong","green","green",1264,"200.140.140.169",50.9631047258154,127.915114788339,"Chrome","Windows","848x314","Desktop","Agent1647",8934,0,0
"subj016",8,44,"ink_naming_cong","blue","blue",927,"215.62.83.151",-74.9099457263947,-110.899111311883,"Chrome","Windows","712x703","Desktop","Agent5307",9188,0,0
"subj016",8,45,"word_reading_incong","blue","blue",744,"210.140.54.221",35.4833108140156,-177.545504495502,"Chrome","Windows","452x237","Desktop","Agent3630",7598,0,0
"subj016",8,46,"word_reading_incong","green","green",696,"215.143.193.246",-28.595382347703,5.86612832732499,"Chrome","Windows","688x661","Desktop","Agent7331",2789,0,0
"subj016",8,47,"word_reading_incong","red","red",717,"216.89.91.75",-18.8556011393666,-110.877475021407,"Chrome","Windows","679x438","Desktop","Agent4084",2539,0,0
"subj016",8,48,"word_reading_cong","green","green",527,"212.113.69.248",-37.3477640887722,-25.2854401152581,"Chrome","Windows","883x726","Desktop","Agent2556",7234,0,0
"subj016",8,49,"ink_naming_cong","green","green",1079,"223.92.65.97",89.3980104988441,-54.1956287249923,"Chrome","Windows","379x44","Desktop","Agent9617",5559,0,0
"subj016",8,50,"word_reading_cong","blue","blue",193,"193.234.3.0",33.3120236406103,-4.73972593434155,"Chrome","Windows","263x45","Desktop","Agent6630",184,0,0
